PROMPT,NUMBERS
Moderated discussion forum - P1
Telehealth mental health services - P2
Live streaming of e-sports events - P3
AI-driven content recommendation algorithms - P4
Online blood donation coordination platform - P5
Virtual goods delivery in online games - P6
E-commerce chatbot for customer service - P7
Social media influencer tracking tool - P8
Virtual event parking and navigation system - P9
Online quality control for user-generated content - P10
AI moderation bots for community management - P11
Warehouse management system for online marketplaces - P12
Virtual assistant in telemedicine services - P13
AI-powered urban planning simulation for virtual cities - P14
Virtual concierge service for online hospitality - P15
Online health self-assessment tools for COVID-19 - P16
Crowdsourced agricultural advice platform - P17
Inventory management AI for e-commerce warehouses - P18
Virtual pets in online communities - P19
